nodos,"get-request","get-next-request","get-next-bulk","trap","trap2","response"
100,3453,5456,4353,4902,3431,34134
800,2434,543534,124,4234,4343,98123
455,3451,6546,9845,4235,4235,764
1495,2345,423,543,6545,6542,1442
3456,1340,5345,54342,5341,534,8571
100,3453,5456,4353,4902,3431,34134
800,2434,543534,124,4234,4343,98123
455,3451,6546,9845,4235,4235,764
1495,2345,423,543,6545,6542,1442
3456,1340,5345,54342,5341,534,8571
100,3453,5456,4353,4902,3431,34134
800,2434,543534,124,4234,4343,98123
455,3451,6546,9845,4235,4235,764
1495,2345,423,543,6545,6542,1442
3456,1340,5345,54342,5341,534,8571
100,3453,5456,4353,4902,3431,34134
800,2434,543534,124,4234,4343,98123
455,3451,6546,9845,4235,4235,764
1495,2345,423,543,6545,6542,1442
3456,1340,5345,54342,5341,534,8571
100,3453,5456,4353,4902,3431,34134
800,2434,543534,124,4234,4343,98123
455,3451,6546,9845,4235,4235,764
1495,2345,423,543,6545,6542,1442
3456,1340,5345,54342,5341,534,8571
100,3453,5456,4353,4902,3431,34134
800,2434,543534,124,4234,4343,98123
455,3451,6546,9845,4235,4235,764
1495,2345,423,543,6545,6542,1442
3456,1340,5345,54342,5341,534,8571
